intro_to_sql=# select * from robots where source = 'Star Wars'; name |  source   | personality | id ------+-----------+-------------+---- C3PO | Star Wars | anxious     |  4 R2D2 | Star Wars | loyal       |  8(2 rows)intro_to_sql=# select * from robots where personality='ansious'; name | source | personality | id ------+--------+-------------+----(0 rows)intro_to_sql=# select name from recipes where nut_free;                   name                    ------------------------------------------- Butternut Squash Bake Vegetarian Bibimbap French Veggie Loaf Quinoa and Black Beans Juicy Roasted Chicken Garlic Green Beans Stout Slow Cooker Corned Beef and Veggies(7 rows)intro_to_sql=# select count(gluten_free) from recipes where Not vegetarian; count -------     2(1 row)intro_to_sql=# select MAX(number_of_legs) from animals; max -----   8(1 row)intro_to_sql=# select * from board_games order by mins_to_play limit(1);   name   | max_players | min_players | category | mins_to_play | id ----------+-------------+-------------+----------+--------------+---- Sushi Go |           5 |           2 | party    |           15 | 10(1 row)intro_to_sql=# select name from recipes order by minutes_required limit(1);             name             ------------------------------ Vietnamese Rice-Noodle Salad(1 row)intro_to_sql=# select * from robots where name like 'M%';      name      |                source                |  personality  | id ----------------+--------------------------------------+---------------+---- Marvin         | The Hitchhiker's Guide to the Galaxy | pessimistic   |  3 Mr. Butlertron | Clone High                           | compassionate |  5(2 rows)intro_to_sql=# select * from board_games where max_players >=8;          name          | max_players | min_players | category | mins_to_play | id ------------------------+-------------+-------------+----------+--------------+---- Arkham Horror          |           8 |           1 | strategy |          240 |  1 Cards Against Humanity |          30 |           5 | party    |           30 |  8 Game of Things         |          15 |           2 | party    |           45 |  9(3 rows)intro_to_sql=# select * from animals where swimming and egg_laying;  name   | number_of_legs | flying | swimming | egg_laying | id ---------+----------------+--------+----------+------------+---- octopus |              8 | f      | t        | t          |  3 duck    |              2 | t      | t        | t          |  4(2 rows)intro_to_sql=# select * from animals where swimming and egg_laying = true and not flying;  name   | number_of_legs | flying | swimming | egg_laying | id ---------+----------------+--------+----------+------------+---- octopus |              8 | f      | t        | t          |  3(1 row)intro_to_sql=# select * from board_games order by max_players limit(1);  name  | max_players | min_players | category | mins_to_play | id --------+-------------+-------------+----------+--------------+---- Quarto |           2 |           2 | abstract |           20 |  4(1 row)